run,model_kind,checkpoint,hospital_id,region,eval_acc,eval_balanced_acc,eval_precision,eval_recall,eval_f1,eval_roc_auc,eval_auprc,eval_false_positive_rate,eval_false_negative_rate,num-examples
hierarchical_fl,hierarchical_global,shared/checkpoints/global/round_1.pt,hospital_eu_01,region_eu,0.9584158415841584,0.9514100878222891,0.8739130434782608,0.9392523364485982,0.9054054054054054,0.9924329591884657,0.9750965287312322,0.0364321608040201,0.06074766355140187,1010
hierarchical_fl,hierarchical_global,shared/checkpoints/global/round_1.pt,hospital_eu_02,region_eu,0.7816922613670582,0.8590289188971953,0.9958856202427484,0.7719661935895391,0.8697448796263025,0.9680138884292177,0.997795024726414,0.05390835579514825,0.22803380641046087,6642
hierarchical_fl,hierarchical_global,shared/checkpoints/global/round_1.pt,hospital_eu_03,region_eu,0.953326258169022,0.9013509576106528,0.19187336156483162,0.8480392156862745,0.3129419503371156,0.9780397666711778,0.6455067354432803,0.04533730046496894,0.15196078431372548,179030
hierarchical_fl,hierarchical_global,shared/checkpoints/global/round_1.pt,hospital_na_01,region_na,0.9606434512384608,0.9636423084873653,0.9128354756459796,0.9722821065599014,0.9416214750542299,0.992630627270026,0.9848358154415506,0.04499748958517091,0.027717893440098552,109410
hierarchical_fl,hierarchical_global,shared/checkpoints/global/round_1.pt,hospital_na_02,region_na,0.9543362650848844,0.952349319146473,0.9091341579448144,0.9471336527341814,0.9277449631847237,0.9803963994809043,0.9629745491184613,0.042435014441235284,0.052866347265818604,19556
hierarchical_fl,hierarchical_global,shared/checkpoints/global/round_1.pt,hospital_na_03,region_na,0.9489290237321734,0.9445824593828077,0.9020522388059702,0.9334821563244743,0.9174981097949684,0.9870986592126005,0.9742894445303991,0.04431723755885883,0.06651784367552566,108966
