run,model_kind,checkpoint,hospital_id,region,eval_acc,eval_balanced_acc,eval_precision,eval_recall,eval_f1,eval_roc_auc,eval_auprc,eval_false_positive_rate,eval_false_negative_rate,num-examples
hierarchical_fl,hierarchical_global,shared/checkpoints/global/round_1.pt,hospital_eu_01,region_eu,0.9554455445544554,0.94098412623867,0.8789237668161435,0.9158878504672897,0.897025171624714,0.9882884046400227,0.9654355585791397,0.03391959798994975,0.08411214953271028,1010
hierarchical_fl,hierarchical_global,shared/checkpoints/global/round_1.pt,hospital_eu_02,region_eu,0.7667871123155676,0.8549393713671927,0.9964255677039529,0.7557008451602615,0.8595266164868051,0.9536552332411078,0.9967795618980619,0.04582210242587601,0.2442991548397385,6642
hierarchical_fl,hierarchical_global,shared/checkpoints/global/round_1.pt,hospital_eu_03,region_eu,0.9631570127911523,0.8946693569289783,0.2297565822155986,0.8244206773618539,0.3593628593628594,0.9674224113535418,0.6167838014369087,0.03508196350389737,0.17557932263814616,179030
hierarchical_fl,hierarchical_global,shared/checkpoints/global/round_1.pt,hospital_na_01,region_na,0.9598299972580203,0.9570363780410984,0.9294449928704618,0.948987876921354,0.9391147745376464,0.9907985370976733,0.9816002721481821,0.03491512083915704,0.05101212307864602,109410
hierarchical_fl,hierarchical_global,shared/checkpoints/global/round_1.pt,hospital_na_02,region_na,0.9487113929228881,0.9372470342970942,0.9256574511126096,0.9071534776144061,0.9163120567375886,0.9783842663889548,0.9559822839071823,0.03265940902021773,0.09284652238559392,19556
hierarchical_fl,hierarchical_global,shared/checkpoints/global/round_1.pt,hospital_na_03,region_na,0.9512324945395811,0.9418406743245062,0.9215252748584063,0.9178557422546683,0.9196868482302089,0.9838898798685204,0.9656044865723996,0.034174393605655724,0.08214425774533168,108966
